{"cameraMode":{"drawMode":0,"name":"Shaded","section":"Shading Mode"},"sceneLighting":true,"audioPlay":false,"sceneViewState":{"m_AlwaysRefresh":false,"showFog":true,"showSkybox":true,"showFlares":true,"showImageEffects":true,"showParticleSystems":true,"showVisualEffectGraphs":true,"m_FxEnabled":true},"in2DMode":false,"pivot":{"x":-0.18576309084892274,"y":0.13412870466709138,"z":8.913399696350098},"rotation":{"x":-0.07524009048938751,"y":-0.0035765653010457756,"z":0.00026095917564816773,"w":-0.9971869587898254},"size":8.25710391998291,"orthographic":true}